{
    "workflow_0": {
        "edge_set": [
            [
                "onnx_1",
                "wave_6"
            ],
            [
                "muse_1",
                "onnx_1"
            ],
            [
                "emboss_1",
                "wave_6"
            ],
            [
                "emboss_2",
                "emboss_1"
            ],
            [
                "blur_1",
                "muse_1"
            ],
            [
                "emboss_3",
                "wave_6"
            ],
            [
                "vii_1",
                "emboss_3"
            ],
            [
                "blur_2",
                "vii_1"
            ],
            [
                "wave_1",
                "blur_2"
            ],
            [
                "blur_3",
                "wave_1"
            ],
            [
                "blur_4",
                "blur_1"
            ],
            [
                "emboss_4",
                "blur_1"
            ],
            [
                "onnx_2",
                "emboss_4"
            ],
            [
                "onnx_3",
                "onnx_2"
            ],
            [
                "blur_5",
                "blur_4"
            ],
            [
                "wave_2",
                "blur_5"
            ],
            [
                "wave_3",
                "wave_2"
            ],
            [
                "wave_4",
                "wave_3"
            ],
            [
                "emboss_5",
                "wave_4"
            ],
            [
                "onnx_4",
                "emboss_5"
            ],
            [
                "emboss_6",
                "wave_4"
            ],
            [
                "onnx_5",
                "emboss_6"
            ],
            [
                "vii_2",
                "onnx_5"
            ],
            [
                "blur_6",
                "blur_1"
            ],
            [
                "night_1",
                "blur_6"
            ],
            [
                "muse_2",
                "night_1"
            ],
            [
                "emboss_7",
                "muse_2"
            ],
            [
                "onnx_6",
                "emboss_7"
            ],
            [
                "wave_5",
                "onnx_6"
            ],
            [
                "emboss_8",
                "wave_5"
            ],
            [
                "muse_3",
                "wave_5"
            ],
            [
                "onnx_7",
                "muse_3"
            ],
            [
                "onnx_8",
                "emboss_2"
            ],
            [
                "onnx_8",
                "blur_3"
            ],
            [
                "onnx_8",
                "onnx_3"
            ],
            [
                "onnx_8",
                "onnx_4"
            ],
            [
                "onnx_8",
                "vii_2"
            ],
            [
                "onnx_8",
                "emboss_8"
            ],
            [
                "onnx_8",
                "onnx_7"
            ]
        ],
        "due_dates": {
            "onnx_1": 172,
            "muse_1": 82,
            "emboss_1": 18,
            "emboss_2": 61,
            "blur_1": 93,
            "emboss_3": 71,
            "vii_1": 217,
            "blur_2": 295,
            "wave_1": 290,
            "blur_3": 287,
            "blur_4": 253,
            "emboss_4": 307,
            "onnx_2": 279,
            "onnx_3": 73,
            "blur_5": 355,
            "wave_2": 34,
            "wave_3": 233,
            "wave_4": 77,
            "emboss_5": 88,
            "onnx_4": 122,
            "emboss_6": 71,
            "onnx_5": 181,
            "vii_2": 340,
            "blur_6": 141,
            "night_1": 209,
            "muse_2": 217,
            "emboss_7": 256,
            "onnx_6": 144,
            "wave_5": 307,
            "emboss_8": 329,
            "muse_3": 269,
            "onnx_7": 102,
            "onnx_8": 285,
            "wave_6": 51
        }
    }
}